{"camps":{"Hatay-1":{"deprivationCost":{"Medicine":13400.733521854898,"HygieneKit":7687.937732017387},"replenishmentCost":{"Medicine":506028,"HygieneKit":1047640},"holdingCost":{"Medicine":337091.1724079606,"HygieneKit":1661554.5287968314},"referralCost":{"Medicine":66892,"HygieneKit":171742},"orderingCost":{"Medicine":254400,"HygieneKit":127200},"deprivedPopulation":13957,"referralPopulation":102594,"averageDeprivationTime":{"Medicine":1.6768899306155676,"HygieneKit":1.697281194646629}},"Adana":{"deprivationCost":{"Medicine":357584.08251791535,"HygieneKit":139646.72845713544},"replenishmentCost":{"Medicine":1378248,"HygieneKit":2835510},"holdingCost":{"Medicine":565334.6459255897,"HygieneKit":2823058.873768036},"referralCost":{"Medicine":169008,"HygieneKit":412402},"orderingCost":{"Medicine":254400,"HygieneKit":127200},"deprivedPopulation":224397,"referralPopulation":248453,"averageDeprivationTime":{"Medicine":2.454334100264499,"HygieneKit":2.4150361486335736}},"Kilis":{"deprivationCost":{"Medicine":114027.15745012046,"HygieneKit":53090.214068093526},"replenishmentCost":{"Medicine":588084,"HygieneKit":1205535},"holdingCost":{"Medicine":256390.286265781,"HygieneKit":1289347.1441960302},"referralCost":{"Medicine":73832,"HygieneKit":180308},"orderingCost":{"Medicine":254400,"HygieneKit":127200},"deprivedPopulation":84669,"referralPopulation":108612,"averageDeprivationTime":{"Medicine":2.394829135756035,"HygieneKit":2.401596534331165}},"Osmaniye":{"deprivationCost":{"Medicine":771635.4798917329,"HygieneKit":282119.7560858314},"replenishmentCost":{"Medicine":528900,"HygieneKit":1085300},"holdingCost":{"Medicine":3747.8022800538943,"HygieneKit":27871.297599329748},"referralCost":{"Medicine":54720,"HygieneKit":130506},"orderingCost":{"Medicine":254400,"HygieneKit":127200},"deprivedPopulation":255047,"referralPopulation":78933,"averageDeprivationTime":{"Medicine":5.39375520438912,"HygieneKit":5.073047395085096}},"Hatay-3":{"deprivationCost":{"Medicine":47160.66719619657,"HygieneKit":24426.183426327076},"replenishmentCost":{"Medicine":598884,"HygieneKit":1233965},"holdingCost":{"Medicine":347222.3660965959,"HygieneKit":1742356.494977633},"referralCost":{"Medicine":76276,"HygieneKit":190896},"orderingCost":{"Medicine":254400,"HygieneKit":127200},"deprivedPopulation":41567,"referralPopulation":114517,"averageDeprivationTime":{"Medicine":1.9851140455606031,"HygieneKit":1.958723025109232}},"Kahramanmaraş":{"deprivationCost":{"Medicine":175985.5869012357,"HygieneKit":75463.64379441719},"replenishmentCost":{"Medicine":612072,"HygieneKit":1248280},"holdingCost":{"Medicine":199681.8522824475,"HygieneKit":1102343.83880484},"referralCost":{"Medicine":71124,"HygieneKit":156892},"orderingCost":{"Medicine":254400,"HygieneKit":127200},"deprivedPopulation":120696,"referralPopulation":96227,"averageDeprivationTime":{"Medicine":2.636169390900614,"HygieneKit":2.4964816510898964}},"Hatay-2":{"deprivationCost":{"Medicine":25608.670486076688,"HygieneKit":13786.77357881057},"replenishmentCost":{"Medicine":539964,"HygieneKit":1109955},"holdingCost":{"Medicine":334538.8772075281,"HygieneKit":1692043.4813908923},"referralCost":{"Medicine":74060,"HygieneKit":173452},"orderingCost":{"Medicine":254400,"HygieneKit":127200},"deprivedPopulation":22467,"referralPopulation":105241,"averageDeprivationTime":{"Medicine":1.8220965483655978,"HygieneKit":1.7955419727035997}}},"globalKPIs":{"totalReplenishmentCostSummation":14899965,"totalOrderingCostSummation":381600,"totalDeprivationCostSummation":2101623.6151077654,"totalReferralCostSummation":2002110,"totalHoldingCostSummation":12382582.661999548,"totalDeprivedPopulation":762800,"totalReferralPopulation":854577,"totalFundingSpent":14899965}}